<?xml version="1.0" encoding="UTF-8"?>
<GenRun Id="synth_1" LaunchPart="xc7z020clg400-1" LaunchTime="1743021663" LaunchIncrCheckpoint="$PSRCDIR/utils_1/imports/synth_1/inter_spartan.dcp">
  <File Type="PA-TCL" Name="inter_spartan.tcl"/>
  <File Type="REPORTS-TCL" Name="inter_spartan_reports.tcl"/>
  <File Type="RDS-RDS" Name="inter_spartan.vds"/>
  <File Type="RDS-UTIL" Name="inter_spartan_utilization_synth.rpt"/>
  <File Type="RDS-UTIL-PB" Name="inter_spartan_utilization_synth.pb"/>
  <File Type="RDS-DCP" Name="inter_spartan.dcp"/>
  <FileSet Name="sources" Type="DesignSrcs" RelSrcDir="$PSRCDIR/sources_1" RelGenDir="$PGENDIR/sources_1">
    <Filter Type="Srcs"/>
    <File Path="$PSRCDIR/sources_1/imports/imports/RTL2/ascon_pack.sv">
      <FileInfo>
        <Attr Name="ImportPath" Val="$PPRDIR/../../../../../../../../vivado/uart_ascon_light_el/uart_ascon_light_el/uart_ascon_light_el.srcs/sources_1/imports/RTL2/ascon_pack.sv"/>
        <Attr Name="ImportTime" Val="1742467050"/>
        <Attr Name="UsedIn" Val="synthesis"/>
        <Attr Name="UsedIn" Val="implementation"/>
        <Attr Name="UsedIn" Val="simulation"/>
      </FileInfo>
    </File>
    <File Path="$PSRCDIR/sources_1/imports/imports/ascon/Pc.sv">
      <FileInfo>
        <Attr Name="ImportPath" Val="$PPRDIR/../../../../../../../../vivado/uart_ascon_light_el/uart_ascon_light_el/uart_ascon_light_el.srcs/sources_1/imports/ascon/Pc.sv"/>
        <Attr Name="ImportTime" Val="1741177284"/>
        <Attr Name="UsedIn" Val="synthesis"/>
        <Attr Name="UsedIn" Val="implementation"/>
        <Attr Name="UsedIn" Val="simulation"/>
      </FileInfo>
    </File>
    <File Path="$PSRCDIR/sources_1/imports/imports/ascon/Permutation.sv">
      <FileInfo>
        <Attr Name="ImportPath" Val="$PPRDIR/../../../../../../../../vivado/uart_ascon_light_el/uart_ascon_light_el/uart_ascon_light_el.srcs/sources_1/imports/ascon/Permutation.sv"/>
        <Attr Name="ImportTime" Val="1741177284"/>
        <Attr Name="UsedIn" Val="synthesis"/>
        <Attr Name="UsedIn" Val="implementation"/>
        <Attr Name="UsedIn" Val="simulation"/>
      </FileInfo>
    </File>
    <File Path="$PSRCDIR/sources_1/imports/imports/ascon/Pl.sv">
      <FileInfo>
        <Attr Name="ImportPath" Val="$PPRDIR/../../../../../../../../vivado/uart_ascon_light_el/uart_ascon_light_el/uart_ascon_light_el.srcs/sources_1/imports/ascon/Pl.sv"/>
        <Attr Name="ImportTime" Val="1741177284"/>
        <Attr Name="UsedIn" Val="synthesis"/>
        <Attr Name="UsedIn" Val="implementation"/>
        <Attr Name="UsedIn" Val="simulation"/>
      </FileInfo>
    </File>
    <File Path="$PSRCDIR/sources_1/imports/imports/ascon/Ps.sv">
      <FileInfo>
        <Attr Name="ImportPath" Val="$PPRDIR/../../../../../../../../vivado/uart_ascon_light_el/uart_ascon_light_el/uart_ascon_light_el.srcs/sources_1/imports/ascon/Ps.sv"/>
        <Attr Name="ImportTime" Val="1741177284"/>
        <Attr Name="UsedIn" Val="synthesis"/>
        <Attr Name="UsedIn" Val="implementation"/>
        <Attr Name="UsedIn" Val="simulation"/>
      </FileInfo>
    </File>
    <File Path="$PSRCDIR/sources_1/imports/imports/ascon/Sbox.sv">
      <FileInfo>
        <Attr Name="ImportPath" Val="$PPRDIR/../../../../../../../../vivado/uart_ascon_light_el/uart_ascon_light_el/uart_ascon_light_el.srcs/sources_1/imports/ascon/Sbox.sv"/>
        <Attr Name="ImportTime" Val="1741177284"/>
        <Attr Name="UsedIn" Val="synthesis"/>
        <Attr Name="UsedIn" Val="implementation"/>
        <Attr Name="UsedIn" Val="simulation"/>
      </FileInfo>
    </File>
    <File Path="$PSRCDIR/sources_1/imports/imports/RTL2/uart_pkg.sv">
      <FileInfo>
        <Attr Name="ImportPath" Val="$PPRDIR/../../../../../../../../vivado/uart_ascon_light_el/uart_ascon_light_el/uart_ascon_light_el.srcs/sources_1/imports/RTL2/uart_pkg.sv"/>
        <Attr Name="ImportTime" Val="1742467050"/>
        <Attr Name="UsedIn" Val="synthesis"/>
        <Attr Name="UsedIn" Val="implementation"/>
        <Attr Name="UsedIn" Val="simulation"/>
      </FileInfo>
    </File>
    <File Path="$PSRCDIR/sources_1/imports/imports/RTL2/ad_reg.sv">
      <FileInfo>
        <Attr Name="ImportPath" Val="$PPRDIR/../../../../../../../../vivado/uart_ascon_light_el/uart_ascon_light_el/uart_ascon_light_el.srcs/sources_1/imports/RTL2/ad_reg.sv"/>
        <Attr Name="ImportTime" Val="1742467050"/>
        <Attr Name="UsedIn" Val="synthesis"/>
        <Attr Name="UsedIn" Val="implementation"/>
        <Attr Name="UsedIn" Val="simulation"/>
      </FileInfo>
    </File>
    <File Path="$PSRCDIR/sources_1/imports/imports/ascon/ascon.sv">
      <FileInfo>
        <Attr Name="ImportPath" Val="$PPRDIR/../../../../../../../../vivado/uart_ascon_light_el/uart_ascon_light_el/uart_ascon_light_el.srcs/sources_1/imports/ascon/ascon.sv"/>
        <Attr Name="ImportTime" Val="1741177284"/>
        <Attr Name="UsedIn" Val="synthesis"/>
        <Attr Name="UsedIn" Val="implementation"/>
        <Attr Name="UsedIn" Val="simulation"/>
      </FileInfo>
    </File>
    <File Path="$PSRCDIR/sources_1/imports/imports/RTL2/ascon_reg.sv">
      <FileInfo>
        <Attr Name="ImportPath" Val="$PPRDIR/../../../../../../../../vivado/uart_ascon_light_el/uart_ascon_light_el/uart_ascon_light_el.srcs/sources_1/imports/RTL2/ascon_reg.sv"/>
        <Attr Name="ImportTime" Val="1742467050"/>
        <Attr Name="UsedIn" Val="synthesis"/>
        <Attr Name="UsedIn" Val="implementation"/>
        <Attr Name="UsedIn" Val="simulation"/>
      </FileInfo>
    </File>
    <File Path="$PSRCDIR/sources_1/imports/imports/RTL2/baud_generator.sv">
      <FileInfo>
        <Attr Name="ImportPath" Val="$PPRDIR/../../../../../../../../vivado/uart_ascon_light_el/uart_ascon_light_el/uart_ascon_light_el.srcs/sources_1/imports/RTL2/baud_generator.sv"/>
        <Attr Name="ImportTime" Val="1742467050"/>
        <Attr Name="UsedIn" Val="synthesis"/>
        <Attr Name="UsedIn" Val="implementation"/>
        <Attr Name="UsedIn" Val="simulation"/>
      </FileInfo>
    </File>
    <File Path="$PSRCDIR/sources_1/imports/imports/RTL2/cipher_reg.sv">
      <FileInfo>
        <Attr Name="ImportPath" Val="$PPRDIR/../../../../../../../../vivado/uart_ascon_light_el/uart_ascon_light_el/uart_ascon_light_el.srcs/sources_1/imports/RTL2/cipher_reg.sv"/>
        <Attr Name="ImportTime" Val="1742467050"/>
        <Attr Name="UsedIn" Val="synthesis"/>
        <Attr Name="UsedIn" Val="implementation"/>
        <Attr Name="UsedIn" Val="simulation"/>
      </FileInfo>
    </File>
    <File Path="$PSRCDIR/sources_1/imports/imports/ascon/compteur_24.sv">
      <FileInfo>
        <Attr Name="ImportPath" Val="$PPRDIR/../../../../../../../../vivado/uart_ascon_light_el/uart_ascon_light_el/uart_ascon_light_el.srcs/sources_1/imports/ascon/compteur_24.sv"/>
        <Attr Name="ImportTime" Val="1742391560"/>
        <Attr Name="UsedIn" Val="synthesis"/>
        <Attr Name="UsedIn" Val="implementation"/>
        <Attr Name="UsedIn" Val="simulation"/>
      </FileInfo>
    </File>
    <File Path="$PSRCDIR/sources_1/imports/imports/ascon/compteur_double_init.sv">
      <FileInfo>
        <Attr Name="ImportPath" Val="$PPRDIR/../../../../../../../../vivado/uart_ascon_light_el/uart_ascon_light_el/uart_ascon_light_el.srcs/sources_1/imports/ascon/compteur_double_init.sv"/>
        <Attr Name="ImportTime" Val="1741177284"/>
        <Attr Name="UsedIn" Val="synthesis"/>
        <Attr Name="UsedIn" Val="implementation"/>
        <Attr Name="UsedIn" Val="simulation"/>
      </FileInfo>
    </File>
    <File Path="$PSRCDIR/sources_1/imports/imports/ascon/drive_ascon_2.sv">
      <FileInfo>
        <Attr Name="ImportPath" Val="$PPRDIR/../../../../../../../../vivado/uart_ascon_light_el/uart_ascon_light_el/uart_ascon_light_el.srcs/sources_1/imports/ascon/drive_ascon_2.sv"/>
        <Attr Name="ImportTime" Val="1743006570"/>
        <Attr Name="UsedIn" Val="synthesis"/>
        <Attr Name="UsedIn" Val="implementation"/>
        <Attr Name="UsedIn" Val="simulation"/>
      </FileInfo>
    </File>
    <File Path="$PSRCDIR/sources_1/imports/imports/RTL2/fsm_dcounter.sv">
      <FileInfo>
        <Attr Name="ImportPath" Val="$PPRDIR/../../../../../../../../vivado/uart_ascon_light_el/uart_ascon_light_el/uart_ascon_light_el.srcs/sources_1/imports/RTL2/fsm_dcounter.sv"/>
        <Attr Name="ImportTime" Val="1742467050"/>
        <Attr Name="UsedIn" Val="synthesis"/>
        <Attr Name="UsedIn" Val="implementation"/>
        <Attr Name="UsedIn" Val="simulation"/>
      </FileInfo>
    </File>
    <File Path="$PSRCDIR/sources_1/imports/imports/ascon/fsm_moore.sv">
      <FileInfo>
        <Attr Name="ImportPath" Val="$PPRDIR/../../../../../../../../vivado/uart_ascon_light_el/uart_ascon_light_el/uart_ascon_light_el.srcs/sources_1/imports/ascon/fsm_moore.sv"/>
        <Attr Name="ImportTime" Val="1741792560"/>
        <Attr Name="UsedIn" Val="synthesis"/>
        <Attr Name="UsedIn" Val="implementation"/>
        <Attr Name="UsedIn" Val="simulation"/>
      </FileInfo>
    </File>
    <File Path="$PSRCDIR/sources_1/imports/imports/RTL2/fsm_uart.sv">
      <FileInfo>
        <Attr Name="ImportPath" Val="$PPRDIR/../../../../../../../../vivado/uart_ascon_light_el/uart_ascon_light_el/uart_ascon_light_el.srcs/sources_1/imports/RTL2/fsm_uart.sv"/>
        <Attr Name="ImportTime" Val="1742979275"/>
        <Attr Name="UsedIn" Val="synthesis"/>
        <Attr Name="UsedIn" Val="implementation"/>
        <Attr Name="UsedIn" Val="simulation"/>
      </FileInfo>
    </File>
    <File Path="$PSRCDIR/sources_1/imports/imports/RTL2/key_reg.sv">
      <FileInfo>
        <Attr Name="ImportPath" Val="$PPRDIR/../../../../../../../../vivado/uart_ascon_light_el/uart_ascon_light_el/uart_ascon_light_el.srcs/sources_1/imports/RTL2/key_reg.sv"/>
        <Attr Name="ImportTime" Val="1742467050"/>
        <Attr Name="UsedIn" Val="synthesis"/>
        <Attr Name="UsedIn" Val="implementation"/>
        <Attr Name="UsedIn" Val="simulation"/>
      </FileInfo>
    </File>
    <File Path="$PSRCDIR/sources_1/imports/imports/ascon/mux_state.sv">
      <FileInfo>
        <Attr Name="ImportPath" Val="$PPRDIR/../../../../../../../../vivado/uart_ascon_light_el/uart_ascon_light_el/uart_ascon_light_el.srcs/sources_1/imports/ascon/mux_state.sv"/>
        <Attr Name="ImportTime" Val="1741177284"/>
        <Attr Name="UsedIn" Val="synthesis"/>
        <Attr Name="UsedIn" Val="implementation"/>
        <Attr Name="UsedIn" Val="simulation"/>
      </FileInfo>
    </File>
    <File Path="$PSRCDIR/sources_1/imports/imports/RTL2/nonce_reg.sv">
      <FileInfo>
        <Attr Name="ImportPath" Val="$PPRDIR/../../../../../../../../vivado/uart_ascon_light_el/uart_ascon_light_el/uart_ascon_light_el.srcs/sources_1/imports/RTL2/nonce_reg.sv"/>
        <Attr Name="ImportTime" Val="1742467050"/>
        <Attr Name="UsedIn" Val="synthesis"/>
        <Attr Name="UsedIn" Val="implementation"/>
        <Attr Name="UsedIn" Val="simulation"/>
      </FileInfo>
    </File>
    <File Path="$PSRCDIR/sources_1/imports/imports/RTL2/receive.sv">
      <FileInfo>
        <Attr Name="ImportPath" Val="$PPRDIR/../../../../../../../../vivado/uart_ascon_light_el/uart_ascon_light_el/uart_ascon_light_el.srcs/sources_1/imports/RTL2/receive.sv"/>
        <Attr Name="ImportTime" Val="1742467050"/>
        <Attr Name="UsedIn" Val="synthesis"/>
        <Attr Name="UsedIn" Val="implementation"/>
        <Attr Name="UsedIn" Val="simulation"/>
      </FileInfo>
    </File>
    <File Path="$PSRCDIR/sources_1/imports/imports/RTL2/reg_sel.sv">
      <FileInfo>
        <Attr Name="ImportPath" Val="$PPRDIR/../../../../../../../../vivado/uart_ascon_light_el/uart_ascon_light_el/uart_ascon_light_el.srcs/sources_1/imports/RTL2/reg_sel.sv"/>
        <Attr Name="ImportTime" Val="1742467050"/>
        <Attr Name="UsedIn" Val="synthesis"/>
        <Attr Name="UsedIn" Val="implementation"/>
        <Attr Name="UsedIn" Val="simulation"/>
      </FileInfo>
    </File>
    <File Path="$PSRCDIR/sources_1/imports/imports/ascon/register_w_en.sv">
      <FileInfo>
        <Attr Name="ImportPath" Val="$PPRDIR/../../../../../../../../vivado/uart_ascon_light_el/uart_ascon_light_el/uart_ascon_light_el.srcs/sources_1/imports/ascon/register_w_en.sv"/>
        <Attr Name="ImportTime" Val="1741177284"/>
        <Attr Name="UsedIn" Val="synthesis"/>
        <Attr Name="UsedIn" Val="implementation"/>
        <Attr Name="UsedIn" Val="simulation"/>
      </FileInfo>
    </File>
    <File Path="$PSRCDIR/sources_1/imports/imports/RTL2/rx_reg.sv">
      <FileInfo>
        <Attr Name="ImportPath" Val="$PPRDIR/../../../../../../../../vivado/uart_ascon_light_el/uart_ascon_light_el/uart_ascon_light_el.srcs/sources_1/imports/RTL2/rx_reg.sv"/>
        <Attr Name="ImportTime" Val="1742467050"/>
        <Attr Name="UsedIn" Val="synthesis"/>
        <Attr Name="UsedIn" Val="implementation"/>
        <Attr Name="UsedIn" Val="simulation"/>
      </FileInfo>
    </File>
    <File Path="$PSRCDIR/sources_1/imports/imports/RTL2/rxbit_dcounter.sv">
      <FileInfo>
        <Attr Name="ImportPath" Val="$PPRDIR/../../../../../../../../vivado/uart_ascon_light_el/uart_ascon_light_el/uart_ascon_light_el.srcs/sources_1/imports/RTL2/rxbit_dcounter.sv"/>
        <Attr Name="ImportTime" Val="1742467050"/>
        <Attr Name="UsedIn" Val="synthesis"/>
        <Attr Name="UsedIn" Val="implementation"/>
        <Attr Name="UsedIn" Val="simulation"/>
      </FileInfo>
    </File>
    <File Path="$PSRCDIR/sources_1/imports/imports/ascon/state_register_w_en.sv">
      <FileInfo>
        <Attr Name="ImportPath" Val="$PPRDIR/../../../../../../../../vivado/uart_ascon_light_el/uart_ascon_light_el/uart_ascon_light_el.srcs/sources_1/imports/ascon/state_register_w_en.sv"/>
        <Attr Name="ImportTime" Val="1741177284"/>
        <Attr Name="UsedIn" Val="synthesis"/>
        <Attr Name="UsedIn" Val="implementation"/>
        <Attr Name="UsedIn" Val="simulation"/>
      </FileInfo>
    </File>
    <File Path="$PSRCDIR/sources_1/imports/imports/RTL2/tag_reg.sv">
      <FileInfo>
        <Attr Name="ImportPath" Val="$PPRDIR/../../../../../../../../vivado/uart_ascon_light_el/uart_ascon_light_el/uart_ascon_light_el.srcs/sources_1/imports/RTL2/tag_reg.sv"/>
        <Attr Name="ImportTime" Val="1742566822"/>
        <Attr Name="UsedIn" Val="synthesis"/>
        <Attr Name="UsedIn" Val="implementation"/>
        <Attr Name="UsedIn" Val="simulation"/>
      </FileInfo>
    </File>
    <File Path="$PSRCDIR/sources_1/imports/imports/RTL2/trans_receive.sv">
      <FileInfo>
        <Attr Name="ImportPath" Val="$PPRDIR/../../../../../../../../vivado/uart_ascon_light_el/uart_ascon_light_el/uart_ascon_light_el.srcs/sources_1/imports/RTL2/trans_receive.sv"/>
        <Attr Name="ImportTime" Val="1742467050"/>
        <Attr Name="UsedIn" Val="synthesis"/>
        <Attr Name="UsedIn" Val="implementation"/>
        <Attr Name="UsedIn" Val="simulation"/>
      </FileInfo>
    </File>
    <File Path="$PSRCDIR/sources_1/imports/imports/RTL2/transmit.sv">
      <FileInfo>
        <Attr Name="ImportPath" Val="$PPRDIR/../../../../../../../../vivado/uart_ascon_light_el/uart_ascon_light_el/uart_ascon_light_el.srcs/sources_1/imports/RTL2/transmit.sv"/>
        <Attr Name="ImportTime" Val="1742467050"/>
        <Attr Name="UsedIn" Val="synthesis"/>
        <Attr Name="UsedIn" Val="implementation"/>
        <Attr Name="UsedIn" Val="simulation"/>
      </FileInfo>
    </File>
    <File Path="$PSRCDIR/sources_1/imports/imports/RTL2/tx_reg.sv">
      <FileInfo>
        <Attr Name="ImportPath" Val="$PPRDIR/../../../../../../../../vivado/uart_ascon_light_el/uart_ascon_light_el/uart_ascon_light_el.srcs/sources_1/imports/RTL2/tx_reg.sv"/>
        <Attr Name="ImportTime" Val="1742467050"/>
        <Attr Name="UsedIn" Val="synthesis"/>
        <Attr Name="UsedIn" Val="implementation"/>
        <Attr Name="UsedIn" Val="simulation"/>
      </FileInfo>
    </File>
    <File Path="$PSRCDIR/sources_1/imports/imports/RTL2/txbit_dcounter.sv">
      <FileInfo>
        <Attr Name="ImportPath" Val="$PPRDIR/../../../../../../../../vivado/uart_ascon_light_el/uart_ascon_light_el/uart_ascon_light_el.srcs/sources_1/imports/RTL2/txbit_dcounter.sv"/>
        <Attr Name="ImportTime" Val="1742467050"/>
        <Attr Name="UsedIn" Val="synthesis"/>
        <Attr Name="UsedIn" Val="implementation"/>
        <Attr Name="UsedIn" Val="simulation"/>
      </FileInfo>
    </File>
    <File Path="$PSRCDIR/sources_1/imports/imports/RTL2/uart_core.sv">
      <FileInfo>
        <Attr Name="ImportPath" Val="$PPRDIR/../../../../../../../../vivado/uart_ascon_light_el/uart_ascon_light_el/uart_ascon_light_el.srcs/sources_1/imports/RTL2/uart_core.sv"/>
        <Attr Name="ImportTime" Val="1742467050"/>
        <Attr Name="UsedIn" Val="synthesis"/>
        <Attr Name="UsedIn" Val="implementation"/>
        <Attr Name="UsedIn" Val="simulation"/>
      </FileInfo>
    </File>
    <File Path="$PSRCDIR/sources_1/imports/imports/RTL2/wave_reg.sv">
      <FileInfo>
        <Attr Name="ImportPath" Val="$PPRDIR/../../../../../../../../vivado/uart_ascon_light_el/uart_ascon_light_el/uart_ascon_light_el.srcs/sources_1/imports/RTL2/wave_reg.sv"/>
        <Attr Name="ImportTime" Val="1742467050"/>
        <Attr Name="UsedIn" Val="synthesis"/>
        <Attr Name="UsedIn" Val="implementation"/>
        <Attr Name="UsedIn" Val="simulation"/>
      </FileInfo>
    </File>
    <File Path="$PSRCDIR/sources_1/imports/imports/ascon/xor_begin_perm.sv">
      <FileInfo>
        <Attr Name="ImportPath" Val="$PPRDIR/../../../../../../../../vivado/uart_ascon_light_el/uart_ascon_light_el/uart_ascon_light_el.srcs/sources_1/imports/ascon/xor_begin_perm.sv"/>
        <Attr Name="ImportTime" Val="1741177284"/>
        <Attr Name="UsedIn" Val="synthesis"/>
        <Attr Name="UsedIn" Val="implementation"/>
        <Attr Name="UsedIn" Val="simulation"/>
      </FileInfo>
    </File>
    <File Path="$PSRCDIR/sources_1/imports/imports/ascon/xor_end_perm.sv">
      <FileInfo>
        <Attr Name="ImportPath" Val="$PPRDIR/../../../../../../../../vivado/uart_ascon_light_el/uart_ascon_light_el/uart_ascon_light_el.srcs/sources_1/imports/ascon/xor_end_perm.sv"/>
        <Attr Name="ImportTime" Val="1741177284"/>
        <Attr Name="UsedIn" Val="synthesis"/>
        <Attr Name="UsedIn" Val="implementation"/>
        <Attr Name="UsedIn" Val="simulation"/>
      </FileInfo>
    </File>
    <File Path="$PSRCDIR/sources_1/imports/imports/RTL2/inter_spartan.sv">
      <FileInfo>
        <Attr Name="ImportPath" Val="$PPRDIR/../../../../../../../../vivado/uart_ascon_light_el/uart_ascon_light_el/uart_ascon_light_el.srcs/sources_1/imports/RTL2/inter_spartan.sv"/>
        <Attr Name="ImportTime" Val="1743015519"/>
        <Attr Name="UsedIn" Val="synthesis"/>
        <Attr Name="UsedIn" Val="implementation"/>
        <Attr Name="UsedIn" Val="simulation"/>
      </FileInfo>
    </File>
    <Config>
      <Option Name="DesignMode" Val="RTL"/>
      <Option Name="TopModule" Val="inter_spartan"/>
      <Option Name="TopAutoSet" Val="TRUE"/>
    </Config>
  </FileSet>
  <FileSet Name="constrs_in" Type="Constrs" RelSrcDir="$PSRCDIR/constrs_1">
    <Filter Type="Constrs"/>
    <File Path="$PSRCDIR/constrs_1/imports/new/uart_test.xdc">
      <FileInfo>
        <Attr Name="ImportPath" Val="$PPRDIR/../../../../../../../../vivado/uart_ascon_light_el/uart_ascon_light_el/uart_ascon_light_el.srcs/constrs_1/imports/new/uart_test.xdc"/>
        <Attr Name="ImportTime" Val="1742467050"/>
        <Attr Name="UsedIn" Val="synthesis"/>
        <Attr Name="UsedIn" Val="implementation"/>
      </FileInfo>
    </File>
    <Config>
      <Option Name="ConstrsType" Val="XDC"/>
    </Config>
  </FileSet>
  <FileSet Name="utils" Type="Utils" RelSrcDir="$PSRCDIR/utils_1">
    <Filter Type="Utils"/>
    <File Path="$PSRCDIR/utils_1/imports/synth_1/inter_spartan.dcp">
      <FileInfo>
        <Attr Name="ImportPath" Val="$PPRDIR/../../../../../../../../vivado/fpga_rp/fpga_rp.srcs/utils_1/imports/synth_1/inter_spartan.dcp"/>
        <Attr Name="ImportTime" Val="1743021661"/>
        <Attr Name="UsedIn" Val="synthesis"/>
        <Attr Name="UsedIn" Val="implementation"/>
        <Attr Name="UsedInSteps" Val="synth_1"/>
        <Attr Name="AutoDcp" Val="1"/>
      </FileInfo>
    </File>
    <Config>
      <Option Name="TopAutoSet" Val="TRUE"/>
    </Config>
  </FileSet>
  <Strategy Version="1" Minor="2">
    <StratHandle Name="Vivado Synthesis Defaults" Flow="Vivado Synthesis 2022"/>
    <Step Id="synth_design">
      <Option Id="FlattenHierarchy">1</Option>
    </Step>
  </Strategy>
  <BlockFileSet Type="BlockSrcs" Name="clk_wiz_0"/>
</GenRun>
