<?xml version="1.0" encoding="UTF-8"?>
<GenRun Id="impl_1" LaunchPart="xc7z020clg400-1" LaunchTime="1743021923">
  <File Type="ROUTE-PWR" Name="inter_spartan_power_routed.rpt"/>
  <File Type="PA-TCL" Name="inter_spartan.tcl"/>
  <File Type="ROUTE-PWR-SUM" Name="inter_spartan_power_summary_routed.pb"/>
  <File Type="REPORTS-TCL" Name="inter_spartan_reports.tcl"/>
  <File Type="BITSTR-MSK" Name="inter_spartan.msk"/>
  <File Type="ROUTE-CLK" Name="inter_spartan_clock_utilization_routed.rpt"/>
  <File Type="RDI-RDI" Name="inter_spartan.vdi"/>
  <File Type="ROUTE-BUS-SKEW" Name="inter_spartan_bus_skew_routed.rpt"/>
  <File Type="PA-DCP" Name="inter_spartan.dcp"/>
  <File Type="BG-BIT" Name="inter_spartan.bit"/>
  <File Type="BG-DRC" Name="inter_spartan.drc"/>
  <File Type="BG-BGN" Name="inter_spartan.bgn"/>
  <File Type="BG-BIN" Name="inter_spartan.bin"/>
  <File Type="BITSTR-RBT" Name="inter_spartan.rbt"/>
  <File Type="BITSTR-NKY" Name="inter_spartan.nky"/>
  <File Type="BITSTR-BMM" Name="inter_spartan_bd.bmm"/>
  <File Type="BITSTR-MMI" Name="inter_spartan.mmi"/>
  <File Type="BITSTR-SYSDEF" Name="inter_spartan.sysdef"/>
  <File Type="BITSTR-LTX" Name="debug_nets.ltx"/>
  <File Type="BITSTR-LTX" Name="inter_spartan.ltx"/>
  <File Type="WBT-USG" Name="usage_statistics_webtalk.html"/>
  <File Type="OPT-DRC" Name="inter_spartan_drc_opted.rpt"/>
  <File Type="OPT-HWDEF" Name="inter_spartan.hwdef"/>
  <File Type="PLACE-IO" Name="inter_spartan_io_placed.rpt"/>
  <File Type="PLACE-UTIL" Name="inter_spartan_utilization_placed.rpt"/>
  <File Type="PLACE-UTIL-PB" Name="inter_spartan_utilization_placed.pb"/>
  <File Type="PLACE-CTRL" Name="inter_spartan_control_sets_placed.rpt"/>
  <File Type="PLACE-PRE-SIMILARITY" Name="inter_spartan_incremental_reuse_pre_placed.rpt"/>
  <File Type="ROUTE-DRC" Name="inter_spartan_drc_routed.rpt"/>
  <File Type="ROUTE-DRC-PB" Name="inter_spartan_drc_routed.pb"/>
  <File Type="ROUTE-PWR-RPX" Name="inter_spartan_power_routed.rpx"/>
  <File Type="ROUTE-STATUS" Name="inter_spartan_route_status.rpt"/>
  <File Type="ROUTE-STATUS-PB" Name="inter_spartan_route_status.pb"/>
  <File Type="ROUTE-DCP" Name="inter_spartan_routed.dcp"/>
  <File Type="ROUTE-ERROR-DCP" Name="inter_spartan_routed_error.dcp"/>
  <File Type="ROUTE-BLACKBOX-DCP" Name="inter_spartan_routed_bb.dcp"/>
  <File Type="ROUTE-TIMINGSUMMARY" Name="inter_spartan_timing_summary_routed.rpt"/>
  <File Type="ROUTE-TIMING-PB" Name="inter_spartan_timing_summary_routed.pb"/>
  <File Type="ROUTE-TIMING-RPX" Name="inter_spartan_timing_summary_routed.rpx"/>
  <File Type="ROUTE-BUS-SKEW-PB" Name="inter_spartan_bus_skew_routed.pb"/>
  <File Type="ROUTE-BUS-SKEW-RPX" Name="inter_spartan_bus_skew_routed.rpx"/>
  <File Type="OPT-DCP" Name="inter_spartan_opt.dcp"/>
  <File Type="PLACE-DCP" Name="inter_spartan_placed.dcp"/>
  <File Type="PWROPT-DCP" Name="inter_spartan_pwropt.dcp"/>
  <File Type="POSTPLACE-PWROPT-DCP" Name="inter_spartan_postplace_pwropt.dcp"/>
  <File Type="PHYSOPT-DCP" Name="inter_spartan_physopt.dcp"/>
  <File Type="POSTROUTE-PHYSOPT-DCP" Name="inter_spartan_postroute_physopt.dcp"/>
  <File Type="POSTROUTE-PHYSOPT-BLACKBOX-DCP" Name="inter_spartan_postroute_physopt_bb.dcp"/>
  <File Type="ROUTE-METHODOLOGY-DRC" Name="inter_spartan_methodology_drc_routed.rpt"/>
  <File Type="ROUTE-METHODOLOGY-DRC-PB" Name="inter_spartan_methodology_drc_routed.pb"/>
  <File Type="ROUTE-DRC-RPX" Name="inter_spartan_drc_routed.rpx"/>
  <File Type="ROUTE-METHODOLOGY-DRC-RPX" Name="inter_spartan_methodology_drc_routed.rpx"/>
  <File Type="PDI-FILE" Name="inter_spartan.pdi"/>
  <File Type="RCFI_FILE" Name="inter_spartan.rcfi"/>
  <File Type="CFI_FILE" Name="inter_spartan.cfi"/>
  <File Type="RNPI_FILE" Name="inter_spartan.rnpi"/>
  <File Type="NPI_FILE" Name="inter_spartan.npi"/>
  <File Type="RBD_FILE" Name="inter_spartan.rbd"/>
  <File Type="ROUTE-RQS" Name="inter_spartan_routed.rqs"/>
  <File Type="POSTROUTE-PHYSOPT-RQS" Name="inter_spartan_postroute_physopted.rqs"/>
  <File Type="ROUTE-RQS-RPT" Name="route_report_qor_suggestions_0.rpt"/>
  <File Type="POSTROUTE-PHYSOPT-RQS-RPT" Name="postroute_physopt_report_qor_suggestions_0.rpt"/>
  <FileSet Name="sources" Type="DesignSrcs" RelSrcDir="$PSRCDIR/sources_1" RelGenDir="$PGENDIR/sources_1">
    <Filter Type="Srcs"/>
    <File Path="$PSRCDIR/sources_1/imports/imports/RTL2/ascon_pack.sv">
      <FileInfo>
        <Attr Name="ImportPath" Val="$PPRDIR/../../../../../../../../vivado/uart_ascon_light_el/uart_ascon_light_el/uart_ascon_light_el.srcs/sources_1/imports/RTL2/ascon_pack.sv"/>
        <Attr Name="ImportTime" Val="1742467050"/>
        <Attr Name="UsedIn" Val="synthesis"/>
        <Attr Name="UsedIn" Val="implementation"/>
        <Attr Name="UsedIn" Val="simulation"/>
      </FileInfo>
    </File>
    <File Path="$PSRCDIR/sources_1/imports/imports/ascon/Pc.sv">
      <FileInfo>
        <Attr Name="ImportPath" Val="$PPRDIR/../../../../../../../../vivado/uart_ascon_light_el/uart_ascon_light_el/uart_ascon_light_el.srcs/sources_1/imports/ascon/Pc.sv"/>
        <Attr Name="ImportTime" Val="1741177284"/>
        <Attr Name="UsedIn" Val="synthesis"/>
        <Attr Name="UsedIn" Val="implementation"/>
        <Attr Name="UsedIn" Val="simulation"/>
      </FileInfo>
    </File>
    <File Path="$PSRCDIR/sources_1/imports/imports/ascon/Permutation.sv">
      <FileInfo>
        <Attr Name="ImportPath" Val="$PPRDIR/../../../../../../../../vivado/uart_ascon_light_el/uart_ascon_light_el/uart_ascon_light_el.srcs/sources_1/imports/ascon/Permutation.sv"/>
        <Attr Name="ImportTime" Val="1741177284"/>
        <Attr Name="UsedIn" Val="synthesis"/>
        <Attr Name="UsedIn" Val="implementation"/>
        <Attr Name="UsedIn" Val="simulation"/>
      </FileInfo>
    </File>
    <File Path="$PSRCDIR/sources_1/imports/imports/ascon/Pl.sv">
      <FileInfo>
        <Attr Name="ImportPath" Val="$PPRDIR/../../../../../../../../vivado/uart_ascon_light_el/uart_ascon_light_el/uart_ascon_light_el.srcs/sources_1/imports/ascon/Pl.sv"/>
        <Attr Name="ImportTime" Val="1741177284"/>
        <Attr Name="UsedIn" Val="synthesis"/>
        <Attr Name="UsedIn" Val="implementation"/>
        <Attr Name="UsedIn" Val="simulation"/>
      </FileInfo>
    </File>
    <File Path="$PSRCDIR/sources_1/imports/imports/ascon/Ps.sv">
      <FileInfo>
        <Attr Name="ImportPath" Val="$PPRDIR/../../../../../../../../vivado/uart_ascon_light_el/uart_ascon_light_el/uart_ascon_light_el.srcs/sources_1/imports/ascon/Ps.sv"/>
        <Attr Name="ImportTime" Val="1741177284"/>
        <Attr Name="UsedIn" Val="synthesis"/>
        <Attr Name="UsedIn" Val="implementation"/>
        <Attr Name="UsedIn" Val="simulation"/>
      </FileInfo>
    </File>
    <File Path="$PSRCDIR/sources_1/imports/imports/ascon/Sbox.sv">
      <FileInfo>
        <Attr Name="ImportPath" Val="$PPRDIR/../../../../../../../../vivado/uart_ascon_light_el/uart_ascon_light_el/uart_ascon_light_el.srcs/sources_1/imports/ascon/Sbox.sv"/>
        <Attr Name="ImportTime" Val="1741177284"/>
        <Attr Name="UsedIn" Val="synthesis"/>
        <Attr Name="UsedIn" Val="implementation"/>
        <Attr Name="UsedIn" Val="simulation"/>
      </FileInfo>
    </File>
    <File Path="$PSRCDIR/sources_1/imports/imports/RTL2/uart_pkg.sv">
      <FileInfo>
        <Attr Name="ImportPath" Val="$PPRDIR/../../../../../../../../vivado/uart_ascon_light_el/uart_ascon_light_el/uart_ascon_light_el.srcs/sources_1/imports/RTL2/uart_pkg.sv"/>
        <Attr Name="ImportTime" Val="1742467050"/>
        <Attr Name="UsedIn" Val="synthesis"/>
        <Attr Name="UsedIn" Val="implementation"/>
        <Attr Name="UsedIn" Val="simulation"/>
      </FileInfo>
    </File>
    <File Path="$PSRCDIR/sources_1/imports/imports/RTL2/ad_reg.sv">
      <FileInfo>
        <Attr Name="ImportPath" Val="$PPRDIR/../../../../../../../../vivado/uart_ascon_light_el/uart_ascon_light_el/uart_ascon_light_el.srcs/sources_1/imports/RTL2/ad_reg.sv"/>
        <Attr Name="ImportTime" Val="1742467050"/>
        <Attr Name="UsedIn" Val="synthesis"/>
        <Attr Name="UsedIn" Val="implementation"/>
        <Attr Name="UsedIn" Val="simulation"/>
      </FileInfo>
    </File>
    <File Path="$PSRCDIR/sources_1/imports/imports/ascon/ascon.sv">
      <FileInfo>
        <Attr Name="ImportPath" Val="$PPRDIR/../../../../../../../../vivado/uart_ascon_light_el/uart_ascon_light_el/uart_ascon_light_el.srcs/sources_1/imports/ascon/ascon.sv"/>
        <Attr Name="ImportTime" Val="1741177284"/>
        <Attr Name="UsedIn" Val="synthesis"/>
        <Attr Name="UsedIn" Val="implementation"/>
        <Attr Name="UsedIn" Val="simulation"/>
      </FileInfo>
    </File>
    <File Path="$PSRCDIR/sources_1/imports/imports/RTL2/ascon_reg.sv">
      <FileInfo>
        <Attr Name="ImportPath" Val="$PPRDIR/../../../../../../../../vivado/uart_ascon_light_el/uart_ascon_light_el/uart_ascon_light_el.srcs/sources_1/imports/RTL2/ascon_reg.sv"/>
        <Attr Name="ImportTime" Val="1742467050"/>
        <Attr Name="UsedIn" Val="synthesis"/>
        <Attr Name="UsedIn" Val="implementation"/>
        <Attr Name="UsedIn" Val="simulation"/>
      </FileInfo>
    </File>
    <File Path="$PSRCDIR/sources_1/imports/imports/RTL2/baud_generator.sv">
      <FileInfo>
        <Attr Name="ImportPath" Val="$PPRDIR/../../../../../../../../vivado/uart_ascon_light_el/uart_ascon_light_el/uart_ascon_light_el.srcs/sources_1/imports/RTL2/baud_generator.sv"/>
        <Attr Name="ImportTime" Val="1742467050"/>
        <Attr Name="UsedIn" Val="synthesis"/>
        <Attr Name="UsedIn" Val="implementation"/>
        <Attr Name="UsedIn" Val="simulation"/>
      </FileInfo>
    </File>
    <File Path="$PSRCDIR/sources_1/imports/imports/RTL2/cipher_reg.sv">
      <FileInfo>
        <Attr Name="ImportPath" Val="$PPRDIR/../../../../../../../../vivado/uart_ascon_light_el/uart_ascon_light_el/uart_ascon_light_el.srcs/sources_1/imports/RTL2/cipher_reg.sv"/>
        <Attr Name="ImportTime" Val="1742467050"/>
        <Attr Name="UsedIn" Val="synthesis"/>
        <Attr Name="UsedIn" Val="implementation"/>
        <Attr Name="UsedIn" Val="simulation"/>
      </FileInfo>
    </File>
    <File Path="$PSRCDIR/sources_1/imports/imports/ascon/compteur_24.sv">
      <FileInfo>
        <Attr Name="ImportPath" Val="$PPRDIR/../../../../../../../../vivado/uart_ascon_light_el/uart_ascon_light_el/uart_ascon_light_el.srcs/sources_1/imports/ascon/compteur_24.sv"/>
        <Attr Name="ImportTime" Val="1742391560"/>
        <Attr Name="UsedIn" Val="synthesis"/>
        <Attr Name="UsedIn" Val="implementation"/>
        <Attr Name="UsedIn" Val="simulation"/>
      </FileInfo>
    </File>
    <File Path="$PSRCDIR/sources_1/imports/imports/ascon/compteur_double_init.sv">
      <FileInfo>
        <Attr Name="ImportPath" Val="$PPRDIR/../../../../../../../../vivado/uart_ascon_light_el/uart_ascon_light_el/uart_ascon_light_el.srcs/sources_1/imports/ascon/compteur_double_init.sv"/>
        <Attr Name="ImportTime" Val="1741177284"/>
        <Attr Name="UsedIn" Val="synthesis"/>
        <Attr Name="UsedIn" Val="implementation"/>
        <Attr Name="UsedIn" Val="simulation"/>
      </FileInfo>
    </File>
    <File Path="$PSRCDIR/sources_1/imports/imports/ascon/drive_ascon_2.sv">
      <FileInfo>
        <Attr Name="ImportPath" Val="$PPRDIR/../../../../../../../../vivado/uart_ascon_light_el/uart_ascon_light_el/uart_ascon_light_el.srcs/sources_1/imports/ascon/drive_ascon_2.sv"/>
        <Attr Name="ImportTime" Val="1743006570"/>
        <Attr Name="UsedIn" Val="synthesis"/>
        <Attr Name="UsedIn" Val="implementation"/>
        <Attr Name="UsedIn" Val="simulation"/>
      </FileInfo>
    </File>
    <File Path="$PSRCDIR/sources_1/imports/imports/RTL2/fsm_dcounter.sv">
      <FileInfo>
        <Attr Name="ImportPath" Val="$PPRDIR/../../../../../../../../vivado/uart_ascon_light_el/uart_ascon_light_el/uart_ascon_light_el.srcs/sources_1/imports/RTL2/fsm_dcounter.sv"/>
        <Attr Name="ImportTime" Val="1742467050"/>
        <Attr Name="UsedIn" Val="synthesis"/>
        <Attr Name="UsedIn" Val="implementation"/>
        <Attr Name="UsedIn" Val="simulation"/>
      </FileInfo>
    </File>
    <File Path="$PSRCDIR/sources_1/imports/imports/ascon/fsm_moore.sv">
      <FileInfo>
        <Attr Name="ImportPath" Val="$PPRDIR/../../../../../../../../vivado/uart_ascon_light_el/uart_ascon_light_el/uart_ascon_light_el.srcs/sources_1/imports/ascon/fsm_moore.sv"/>
        <Attr Name="ImportTime" Val="1741792560"/>
        <Attr Name="UsedIn" Val="synthesis"/>
        <Attr Name="UsedIn" Val="implementation"/>
        <Attr Name="UsedIn" Val="simulation"/>
      </FileInfo>
    </File>
    <File Path="$PSRCDIR/sources_1/imports/imports/RTL2/fsm_uart.sv">
      <FileInfo>
        <Attr Name="ImportPath" Val="$PPRDIR/../../../../../../../../vivado/uart_ascon_light_el/uart_ascon_light_el/uart_ascon_light_el.srcs/sources_1/imports/RTL2/fsm_uart.sv"/>
        <Attr Name="ImportTime" Val="1742979275"/>
        <Attr Name="UsedIn" Val="synthesis"/>
        <Attr Name="UsedIn" Val="implementation"/>
        <Attr Name="UsedIn" Val="simulation"/>
      </FileInfo>
    </File>
    <File Path="$PSRCDIR/sources_1/imports/imports/RTL2/key_reg.sv">
      <FileInfo>
        <Attr Name="ImportPath" Val="$PPRDIR/../../../../../../../../vivado/uart_ascon_light_el/uart_ascon_light_el/uart_ascon_light_el.srcs/sources_1/imports/RTL2/key_reg.sv"/>
        <Attr Name="ImportTime" Val="1742467050"/>
        <Attr Name="UsedIn" Val="synthesis"/>
        <Attr Name="UsedIn" Val="implementation"/>
        <Attr Name="UsedIn" Val="simulation"/>
      </FileInfo>
    </File>
    <File Path="$PSRCDIR/sources_1/imports/imports/ascon/mux_state.sv">
      <FileInfo>
        <Attr Name="ImportPath" Val="$PPRDIR/../../../../../../../../vivado/uart_ascon_light_el/uart_ascon_light_el/uart_ascon_light_el.srcs/sources_1/imports/ascon/mux_state.sv"/>
        <Attr Name="ImportTime" Val="1741177284"/>
        <Attr Name="UsedIn" Val="synthesis"/>
        <Attr Name="UsedIn" Val="implementation"/>
        <Attr Name="UsedIn" Val="simulation"/>
      </FileInfo>
    </File>
    <File Path="$PSRCDIR/sources_1/imports/imports/RTL2/nonce_reg.sv">
      <FileInfo>
        <Attr Name="ImportPath" Val="$PPRDIR/../../../../../../../../vivado/uart_ascon_light_el/uart_ascon_light_el/uart_ascon_light_el.srcs/sources_1/imports/RTL2/nonce_reg.sv"/>
        <Attr Name="ImportTime" Val="1742467050"/>
        <Attr Name="UsedIn" Val="synthesis"/>
        <Attr Name="UsedIn" Val="implementation"/>
        <Attr Name="UsedIn" Val="simulation"/>
      </FileInfo>
    </File>
    <File Path="$PSRCDIR/sources_1/imports/imports/RTL2/receive.sv">
      <FileInfo>
        <Attr Name="ImportPath" Val="$PPRDIR/../../../../../../../../vivado/uart_ascon_light_el/uart_ascon_light_el/uart_ascon_light_el.srcs/sources_1/imports/RTL2/receive.sv"/>
        <Attr Name="ImportTime" Val="1742467050"/>
        <Attr Name="UsedIn" Val="synthesis"/>
        <Attr Name="UsedIn" Val="implementation"/>
        <Attr Name="UsedIn" Val="simulation"/>
      </FileInfo>
    </File>
    <File Path="$PSRCDIR/sources_1/imports/imports/RTL2/reg_sel.sv">
      <FileInfo>
        <Attr Name="ImportPath" Val="$PPRDIR/../../../../../../../../vivado/uart_ascon_light_el/uart_ascon_light_el/uart_ascon_light_el.srcs/sources_1/imports/RTL2/reg_sel.sv"/>
        <Attr Name="ImportTime" Val="1742467050"/>
        <Attr Name="UsedIn" Val="synthesis"/>
        <Attr Name="UsedIn" Val="implementation"/>
        <Attr Name="UsedIn" Val="simulation"/>
      </FileInfo>
    </File>
    <File Path="$PSRCDIR/sources_1/imports/imports/ascon/register_w_en.sv">
      <FileInfo>
        <Attr Name="ImportPath" Val="$PPRDIR/../../../../../../../../vivado/uart_ascon_light_el/uart_ascon_light_el/uart_ascon_light_el.srcs/sources_1/imports/ascon/register_w_en.sv"/>
        <Attr Name="ImportTime" Val="1741177284"/>
        <Attr Name="UsedIn" Val="synthesis"/>
        <Attr Name="UsedIn" Val="implementation"/>
        <Attr Name="UsedIn" Val="simulation"/>
      </FileInfo>
    </File>
    <File Path="$PSRCDIR/sources_1/imports/imports/RTL2/rx_reg.sv">
      <FileInfo>
        <Attr Name="ImportPath" Val="$PPRDIR/../../../../../../../../vivado/uart_ascon_light_el/uart_ascon_light_el/uart_ascon_light_el.srcs/sources_1/imports/RTL2/rx_reg.sv"/>
        <Attr Name="ImportTime" Val="1742467050"/>
        <Attr Name="UsedIn" Val="synthesis"/>
        <Attr Name="UsedIn" Val="implementation"/>
        <Attr Name="UsedIn" Val="simulation"/>
      </FileInfo>
    </File>
    <File Path="$PSRCDIR/sources_1/imports/imports/RTL2/rxbit_dcounter.sv">
      <FileInfo>
        <Attr Name="ImportPath" Val="$PPRDIR/../../../../../../../../vivado/uart_ascon_light_el/uart_ascon_light_el/uart_ascon_light_el.srcs/sources_1/imports/RTL2/rxbit_dcounter.sv"/>
        <Attr Name="ImportTime" Val="1742467050"/>
        <Attr Name="UsedIn" Val="synthesis"/>
        <Attr Name="UsedIn" Val="implementation"/>
        <Attr Name="UsedIn" Val="simulation"/>
      </FileInfo>
    </File>
    <File Path="$PSRCDIR/sources_1/imports/imports/ascon/state_register_w_en.sv">
      <FileInfo>
        <Attr Name="ImportPath" Val="$PPRDIR/../../../../../../../../vivado/uart_ascon_light_el/uart_ascon_light_el/uart_ascon_light_el.srcs/sources_1/imports/ascon/state_register_w_en.sv"/>
        <Attr Name="ImportTime" Val="1741177284"/>
        <Attr Name="UsedIn" Val="synthesis"/>
        <Attr Name="UsedIn" Val="implementation"/>
        <Attr Name="UsedIn" Val="simulation"/>
      </FileInfo>
    </File>
    <File Path="$PSRCDIR/sources_1/imports/imports/RTL2/tag_reg.sv">
      <FileInfo>
        <Attr Name="ImportPath" Val="$PPRDIR/../../../../../../../../vivado/uart_ascon_light_el/uart_ascon_light_el/uart_ascon_light_el.srcs/sources_1/imports/RTL2/tag_reg.sv"/>
        <Attr Name="ImportTime" Val="1742566822"/>
        <Attr Name="UsedIn" Val="synthesis"/>
        <Attr Name="UsedIn" Val="implementation"/>
        <Attr Name="UsedIn" Val="simulation"/>
      </FileInfo>
    </File>
    <File Path="$PSRCDIR/sources_1/imports/imports/RTL2/trans_receive.sv">
      <FileInfo>
        <Attr Name="ImportPath" Val="$PPRDIR/../../../../../../../../vivado/uart_ascon_light_el/uart_ascon_light_el/uart_ascon_light_el.srcs/sources_1/imports/RTL2/trans_receive.sv"/>
        <Attr Name="ImportTime" Val="1742467050"/>
        <Attr Name="UsedIn" Val="synthesis"/>
        <Attr Name="UsedIn" Val="implementation"/>
        <Attr Name="UsedIn" Val="simulation"/>
      </FileInfo>
    </File>
    <File Path="$PSRCDIR/sources_1/imports/imports/RTL2/transmit.sv">
      <FileInfo>
        <Attr Name="ImportPath" Val="$PPRDIR/../../../../../../../../vivado/uart_ascon_light_el/uart_ascon_light_el/uart_ascon_light_el.srcs/sources_1/imports/RTL2/transmit.sv"/>
        <Attr Name="ImportTime" Val="1742467050"/>
        <Attr Name="UsedIn" Val="synthesis"/>
        <Attr Name="UsedIn" Val="implementation"/>
        <Attr Name="UsedIn" Val="simulation"/>
      </FileInfo>
    </File>
    <File Path="$PSRCDIR/sources_1/imports/imports/RTL2/tx_reg.sv">
      <FileInfo>
        <Attr Name="ImportPath" Val="$PPRDIR/../../../../../../../../vivado/uart_ascon_light_el/uart_ascon_light_el/uart_ascon_light_el.srcs/sources_1/imports/RTL2/tx_reg.sv"/>
        <Attr Name="ImportTime" Val="1742467050"/>
        <Attr Name="UsedIn" Val="synthesis"/>
        <Attr Name="UsedIn" Val="implementation"/>
        <Attr Name="UsedIn" Val="simulation"/>
      </FileInfo>
    </File>
    <File Path="$PSRCDIR/sources_1/imports/imports/RTL2/txbit_dcounter.sv">
      <FileInfo>
        <Attr Name="ImportPath" Val="$PPRDIR/../../../../../../../../vivado/uart_ascon_light_el/uart_ascon_light_el/uart_ascon_light_el.srcs/sources_1/imports/RTL2/txbit_dcounter.sv"/>
        <Attr Name="ImportTime" Val="1742467050"/>
        <Attr Name="UsedIn" Val="synthesis"/>
        <Attr Name="UsedIn" Val="implementation"/>
        <Attr Name="UsedIn" Val="simulation"/>
      </FileInfo>
    </File>
    <File Path="$PSRCDIR/sources_1/imports/imports/RTL2/uart_core.sv">
      <FileInfo>
        <Attr Name="ImportPath" Val="$PPRDIR/../../../../../../../../vivado/uart_ascon_light_el/uart_ascon_light_el/uart_ascon_light_el.srcs/sources_1/imports/RTL2/uart_core.sv"/>
        <Attr Name="ImportTime" Val="1742467050"/>
        <Attr Name="UsedIn" Val="synthesis"/>
        <Attr Name="UsedIn" Val="implementation"/>
        <Attr Name="UsedIn" Val="simulation"/>
      </FileInfo>
    </File>
    <File Path="$PSRCDIR/sources_1/imports/imports/RTL2/wave_reg.sv">
      <FileInfo>
        <Attr Name="ImportPath" Val="$PPRDIR/../../../../../../../../vivado/uart_ascon_light_el/uart_ascon_light_el/uart_ascon_light_el.srcs/sources_1/imports/RTL2/wave_reg.sv"/>
        <Attr Name="ImportTime" Val="1742467050"/>
        <Attr Name="UsedIn" Val="synthesis"/>
        <Attr Name="UsedIn" Val="implementation"/>
        <Attr Name="UsedIn" Val="simulation"/>
      </FileInfo>
    </File>
    <File Path="$PSRCDIR/sources_1/imports/imports/ascon/xor_begin_perm.sv">
      <FileInfo>
        <Attr Name="ImportPath" Val="$PPRDIR/../../../../../../../../vivado/uart_ascon_light_el/uart_ascon_light_el/uart_ascon_light_el.srcs/sources_1/imports/ascon/xor_begin_perm.sv"/>
        <Attr Name="ImportTime" Val="1741177284"/>
        <Attr Name="UsedIn" Val="synthesis"/>
        <Attr Name="UsedIn" Val="implementation"/>
        <Attr Name="UsedIn" Val="simulation"/>
      </FileInfo>
    </File>
    <File Path="$PSRCDIR/sources_1/imports/imports/ascon/xor_end_perm.sv">
      <FileInfo>
        <Attr Name="ImportPath" Val="$PPRDIR/../../../../../../../../vivado/uart_ascon_light_el/uart_ascon_light_el/uart_ascon_light_el.srcs/sources_1/imports/ascon/xor_end_perm.sv"/>
        <Attr Name="ImportTime" Val="1741177284"/>
        <Attr Name="UsedIn" Val="synthesis"/>
        <Attr Name="UsedIn" Val="implementation"/>
        <Attr Name="UsedIn" Val="simulation"/>
      </FileInfo>
    </File>
    <File Path="$PSRCDIR/sources_1/imports/imports/RTL2/inter_spartan.sv">
      <FileInfo>
        <Attr Name="ImportPath" Val="$PPRDIR/../../../../../../../../vivado/uart_ascon_light_el/uart_ascon_light_el/uart_ascon_light_el.srcs/sources_1/imports/RTL2/inter_spartan.sv"/>
        <Attr Name="ImportTime" Val="1743015519"/>
        <Attr Name="UsedIn" Val="synthesis"/>
        <Attr Name="UsedIn" Val="implementation"/>
        <Attr Name="UsedIn" Val="simulation"/>
      </FileInfo>
    </File>
    <Config>
      <Option Name="DesignMode" Val="RTL"/>
      <Option Name="TopModule" Val="inter_spartan"/>
      <Option Name="TopAutoSet" Val="TRUE"/>
    </Config>
  </FileSet>
  <FileSet Name="constrs_in" Type="Constrs" RelSrcDir="$PSRCDIR/constrs_1">
    <Filter Type="Constrs"/>
    <File Path="$PSRCDIR/constrs_1/imports/new/uart_test.xdc">
      <FileInfo>
        <Attr Name="ImportPath" Val="$PPRDIR/../../../../../../../../vivado/uart_ascon_light_el/uart_ascon_light_el/uart_ascon_light_el.srcs/constrs_1/imports/new/uart_test.xdc"/>
        <Attr Name="ImportTime" Val="1742467050"/>
        <Attr Name="UsedIn" Val="synthesis"/>
        <Attr Name="UsedIn" Val="implementation"/>
      </FileInfo>
    </File>
    <Config>
      <Option Name="ConstrsType" Val="XDC"/>
    </Config>
  </FileSet>
  <FileSet Name="utils" Type="Utils" RelSrcDir="$PSRCDIR/utils_1">
    <Filter Type="Utils"/>
    <File Path="$PSRCDIR/utils_1/imports/synth_1/inter_spartan.dcp">
      <FileInfo>
        <Attr Name="ImportPath" Val="$PPRDIR/../../../../../../../../vivado/fpga_rp/fpga_rp.srcs/utils_1/imports/synth_1/inter_spartan.dcp"/>
        <Attr Name="ImportTime" Val="1743021661"/>
        <Attr Name="UsedIn" Val="synthesis"/>
        <Attr Name="UsedIn" Val="implementation"/>
        <Attr Name="UsedInSteps" Val="synth_1"/>
        <Attr Name="AutoDcp" Val="1"/>
      </FileInfo>
    </File>
    <Config>
      <Option Name="TopAutoSet" Val="TRUE"/>
    </Config>
  </FileSet>
  <Strategy Version="1" Minor="2">
    <StratHandle Name="Vivado Implementation Defaults" Flow="Vivado Implementation 2022"/>
    <Step Id="init_design"/>
    <Step Id="opt_design"/>
    <Step Id="power_opt_design"/>
    <Step Id="place_design"/>
    <Step Id="post_place_power_opt_design"/>
    <Step Id="phys_opt_design"/>
    <Step Id="route_design"/>
    <Step Id="post_route_phys_opt_design"/>
    <Step Id="write_bitstream"/>
    <Step Id="write_device_image"/>
  </Strategy>
  <BlockFileSet Type="BlockSrcs" Name="clk_wiz_0"/>
</GenRun>
